{"0.001": {"0.001": {"Primary Members": [1.0001852922015781, 1.0008871608011847, 1.0008608228965827, 1.000863957734471, 1.0008688743828387, 1.0009411246766724, 1.0009801975559915, 1.0010603467205048, 1.001118747337601, 1.0011815832584061, 1.0013166964654086, 1.0013817646467738, 1.0014425437364551, 1.0015576347451027, 1.0016075561351032, 1.001659187997491, 1.0016902016659497, 1.0017135833740411, 1.0017824254254564, 1.0017950738891628, 1.0017984093929737, 1.0018012076337182, 1.0018035887458137, 1.0018056395301544, 1.0018074242667356, 1.0018089915736814, 1.0018103789026873, 1.001811615571478, 1.0018127248583453, 1.0018137254798882], "Secondary Member 1": [1.0002354923184567, 1.0007469745367246, 1.0008527848573425, 1.0009202570242537, 1.0009527773699654, 1.0009721461305463, 1.0009855726246972, 1.0009958242722699, 1.0010041984503277, 1.0010113691485365, 1.0010177139465848, 1.0010234646364722, 1.0010287414478485, 1.0010336272360925, 1.001038173100152, 1.0010424104911608, 1.0010463609237086, 1.0010500285991435, 1.0010534187175657, 1.0010593730940405, 1.001061943999386, 1.001064276673861, 1.0010664027645775, 1.0010683485508995, 1.0010701360361134, 1.0010717837825587, 1.0010733075611815, 1.001074720853837, 1.0010760352576031, 1.0010772608002374]}, "0.1": {"Primary Members": [1.0001852922016552, 1.0010382575859567, 1.0016632019344724, 1.0035630290878579, 1.0060241011170985, 1.0123088638477538, 1.0171011617247963, 1.025744652098148, 1.0324758772559826, 1.0407910019242401, 1.0540318895396785, 1.0619036744937327, 1.0696078209317093, 1.0831109137143797, 1.0893739825953457, 1.0944670626316308, 1.0982583172297151, 1.1016373863340585, 1.1087825539159781, 1.1101530835027156, 1.1105255230043163, 1.110837972250539, 1.1111038452116926, 1.111332834062422, 1.1115321162515412, 1.1117071204075002, 1.1118620283923761, 1.1120001137907969, 1.1121239758005232, 1.112235704388702], "Secondary Member 1": [1.0002354923184567, 1.0007880659880888, 1.0009781106379483, 1.0011710400697214, 1.001367485111653, 1.0015857847181748, 1.001829894117753, 1.0020967922988104, 1.0023842367801938, 1.0026918323617853, 1.0030128250862085, 1.0033442370755206, 1.0036816713022003, 1.0040190149369141, 1.0043523992045775, 1.0046764141960873, 1.0049866680311685, 1.0052798276146264, 1.0055533526698492, 1.0060356526321954, 1.0062439822205729, 1.006433007136408, 1.0066052918383361, 1.0067629658236517, 1.0069078120951362, 1.0070413348789409, 1.0071648120620194, 1.0072793362163774, 1.0073858470190251, 1.0074851570912255]}, "0.2": {"Primary Members": [1.0001852922016552, 1.0011909268253827, 1.002475188195414, 1.006304335982011, 1.011291616619067, 1.0240676722281514, 1.033983459076093, 1.0519822208012197, 1.068669036058441, 1.0901610726386104, 1.1156289552829348, 1.1344736526572659, 1.1565394433886307, 1.1844458128936701, 1.1991404456418222, 1.2108953831856137, 1.2200054069611428, 1.2338762525385452, 1.2435479894877808, 1.2465811431937341, 1.2474245349029294, 1.2481320782822571, 1.248734149357474, 1.2492526961207577, 1.2497039719531646, 1.25010027001905, 1.2504510601730834, 1.2507637554687026, 1.2510442418067536, 1.251297251932301], "Secondary Member 1": [1.0002354923184567, 1.0008295850683344, 1.0011049361449031, 1.0014257356261231, 1.001791134907726, 1.002220028739359, 1.002712833796993, 1.003264232149741, 1.0038785826863876, 1.0045434132488544, 1.0052598370476138, 1.0060119417078561, 1.006789307363569, 1.0075768264924354, 1.0083564989061813, 1.0091128601263062, 1.0098336662946323, 1.01050938082463, 1.011134063536092, 1.012225476288835, 1.0126955011869825, 1.0131219716547142, 1.0135106735199313, 1.0138664112694111, 1.0141932076429672, 1.0144944564167728, 1.014773040706489, 1.0150314255307478, 1.0152717309505286, 1.015495790370254]}, "0.3": {"Primary Members": [1.0001852922016508, 1.0013436425214548, 1.0032886843911317, 1.0090606872855858, 1.016620671678434, 1.0361152066794914, 1.0515005609897943, 1.0817272983532211, 1.1077567295713253, 1.1483606245378724, 1.1883838259325608, 1.2226207669136837, 1.269076874219224, 1.3123178530162216, 1.3391819236620754, 1.3602533686864078, 1.384890680224862, 1.4036798004232076, 1.4164809880221243, 1.421610613758789, 1.423065499955431, 1.4242860420665435, 1.4253246400119866, 1.426219155005511, 1.4269976248108747, 1.4276812556551788, 1.4282863834356656, 1.429564582319117, 1.4312688796278006, 1.432806225363189], "Secondary Member 1": [1.0002354923184567, 1.0008711167761553, 1.0012319966360521, 1.0016818116864328, 1.002219642996683, 1.0028693334015697, 1.00362768765977, 1.004499488605699, 1.0054857963069006, 1.006591535249299, 1.007805714607254, 1.0091141988885888, 1.0104905418961603, 1.0118980440744025, 1.013297811946603, 1.0146493131681775, 1.0159251964575409, 1.0171097352769625, 1.0181957946721427, 1.0200786474540906, 1.0208875012815806, 1.0216214034031743, 1.0222903105028476, 1.0229024904987822, 1.0234648660205499, 1.0239832773317388, 1.0244626859114083, 1.0249073337478645, 1.0253208691996945, 1.0257064473247888]}}, "0.1": {"0.001": {"Primary Members": [1.0189568415493708, 1.096116116159855, 1.0941450137679278, 1.092802917543336, 1.0906610902871607, 1.092050582781232, 1.0912360022064747, 1.0909896625635243, 1.0905416121010085, 1.0903980050464652, 1.090764863044484, 1.0907376192329097, 1.090687970138133, 1.0907618535817578, 1.090765234269709, 1.0908560227455093, 1.0908675481296526, 1.0908642671542292, 1.0909291367486134, 1.09092964031725, 1.0909338390283643, 1.09093736143644, 1.0909403587650794, 1.0909429402793505, 1.0909451868946487, 1.0909471598108076, 1.0909489061718771, 1.0909504628823496, 1.0909518592455678, 1.0909531188218222], "Secondary Member 1": [1.0240936870169302, 1.080682617115135, 1.0930920669045454, 1.1008561791716986, 1.104544962533526, 1.1066339381000778, 1.1079761623432707, 1.1089117995385016, 1.1096017473135562, 1.110131903141204, 1.1105522967261696, 1.110894027156491, 1.1111774263697913, 1.1114163633513838, 1.11162061342348, 1.111797264777293, 1.1119515757277374, 1.1120875273353834, 1.1122081967910233, 1.1124128425843829, 1.1125002882817527, 1.112579630902942, 1.1126519468714429, 1.112718130036816, 1.1127789288089391, 1.1128349745829427, 1.112886803746908, 1.112934874904726, 1.1129795824832314, 1.11302126757743]}, "0.1": {"Primary Members": [1.01895684154945, 1.0962880827264638, 1.0950779871752545, 1.095946218685702, 1.0966876465920739, 1.1054097118234867, 1.1102384439427844, 1.1201339740091016, 1.1283640145906026, 1.1379390494981874, 1.1533313846982944, 1.1630175942970054, 1.1721082415796, 1.1883669396383805, 1.1958725850309286, 1.2018817602424627, 1.2063969229059586, 1.2110035732485105, 1.218992811994479, 1.2206101412006187, 1.221056417251599, 1.2214308099126543, 1.2217493924860032, 1.222023778633924, 1.222262568740788, 1.2224722676672677, 1.2226578863341324, 1.2228233473177093, 1.2229717651101402, 1.2231056440162582], "Secondary Member 1": [1.0240936870169302, 1.0807320103735618, 1.0932533600598677, 1.1011821133306159, 1.105083803422033, 1.1074326219011148, 1.1090761564765506, 1.1103461523175304, 1.1114015878580394, 1.1123243645148548, 1.1131568248959347, 1.1139271219172375, 1.1146470126049932, 1.1153240802737934, 1.1159615455094176, 1.1165590213671441, 1.1171164529230146, 1.1176333001270227, 1.1181090716373174, 1.118939330764851, 1.1192969797454781, 1.1196214875075863, 1.1199172565751316, 1.120187942753607, 1.1204366070054506, 1.12066583170694, 1.120877810662853, 1.1210744195432112, 1.1212572715340299, 1.121427761700149]},