{"0.001": {"0.001": {"Bottom Primary Member": [1.0000000278603611, 1.0005701852359172, 1.000793003336773, 1.000898310574085, 1.0010046917963282, 1.0011268173885037, 1.0012226295576543, 1.0013175349086247, 1.0013934010463132, 1.0014502835481183, 1.0014927467716737, 1.0015232961630236, 1.0015807665278937, 1.001592868493421, 1.001597195037407, 1.0015964140138678, 1.0015918455013972, 1.0015855139097154, 1.0015784221201534, 1.001565575658238, 1.001560338630064, 1.0015557725378383, 1.0015517562092537, 1.00154819599356, 1.00156122525686, 1.001557634970705, 1.0015543978274506, 1.0015514641664418, 1.0015487932211142, 1.0015463512141578], "Secondary Member 2": [1.0000004065974812, 1.0006188212931006, 1.00078030187872, 1.0008265322911312, 1.0008459091055444, 1.0008594078097521, 1.0008701860170537, 1.00087938048703, 1.0008874824774452, 1.000894735332926, 1.0009012759361677, 1.0009071891852446, 1.0009125359908382, 1.0009173651509542, 1.000921717751224, 1.000925632853793, 1.0009291475156203, 1.000932298063862, 1.0009351205004187, 1.0009399231400886, 1.000941973055948, 1.0009438311667271, 1.0009455231894338, 1.0009470704398646, 1.0009484907367967, 1.0009497990889225, 1.0009510082296542, 1.0009521290312005, 1.0009531708337494, 1.0009541417048065]}, "0.1": {"Bottom Primary Member": [1.0000000335052002, 1.0010371328120606, 1.0034147112403913, 1.0076591703684092, 1.0135377112285018, 1.0205323447007162, 1.028008376721104, 1.0365911835636996, 1.0438898175971205, 1.0501951363196338, 1.0554513368979177, 1.061014825218084, 1.0658286745148575, 1.0682748275597171, 1.0699512785263794, 1.071033621467089, 1.0716931659208673, 1.0720771553265078, 1.0722966405449217, 1.0725384123878061, 1.0726270522070884, 1.0727043360350812, 1.0729829008675449, 1.074014246140179, 1.0741713122956154, 1.0741674623608988, 1.0741639911084233, 1.0741608452859126, 1.0741579811786999, 1.074155362566517], "Secondary Member 2": [1.000000491073105, 1.0009213382322009, 1.0016489319573276, 1.002295469930784, 1.0029288649000834, 1.0035847175415196, 1.0042460305273773, 1.0048996160906858, 1.0055344282012955, 1.006141985467564, 1.0067155570267885, 1.0072503419468553, 1.0077434844173725, 1.008193874596902, 1.008601985828674, 1.008969547443663, 1.009299215372668, 1.0095943602440256, 1.0098581793613117, 1.0103065225525238, 1.0104978432721266, 1.0106712626375407, 1.0108291808307948, 1.010973587306858, 1.0111061450466932, 1.0112282548853728, 1.0113411052106438, 1.0114457107631218, 1.0115429432371106, 1.0116335556277618]}, "0.2": {"Bottom Primary Member": [1.000000039207199, 1.001509254707853, 1.0061566978852998, 1.0146240504959245, 1.026737563446494, 1.0414446151635302, 1.0574726720007028, 1.0762394442614356, 1.0924080999771637, 1.106482052701414, 1.1182350098346383, 1.132221957055769, 1.1411112387515554, 1.146316435658337, 1.1498042447184273, 1.1520144321369359, 1.1533474262986285, 1.1541249659780486, 1.1545845334252254, 1.1551176353758907, 1.1553164977813755, 1.1561338417743883, 1.157388842171092, 1.1585013188635775, 1.1586707413856037, 1.158666589309858, 1.1586628456349366, 1.158659452929761, 1.1586563640486272, 1.158653539928806], "Secondary Member 2": [1.0000005764026654, 1.0012272073995638, 1.0025309624866625, 1.0037987791928809, 1.0050843697054144, 1.0064433297130007, 1.0078403493402228, 1.009245946043551, 1.0106337100629204, 1.0119777424011955, 1.013255849233069, 1.0144503609166253, 1.0155500706116563, 1.0165494625610707, 1.0174493937217783, 1.0182546941456891, 1.018972912348862, 1.0196128329585559, 1.0201835610264005, 1.0211519360223205, 1.021565065825572, 1.021939540208326, 1.0222805420207648, 1.022592367207418, 1.0228786067378486, 1.0231422855169994, 1.0233859696967496, 1.0236118504662768, 1.0238218101241991, 1.0240174746564712]}, "0.3": {"Bottom Primary Member": [1.0000000449092301, 1.0019928178924722, 1.008915971224512, 1.021708376568439, 1.0405047806761847, 1.0637887454680819, 1.0897001818048675, 1.120790279006076, 1.147845856376648, 1.1716092836024756, 1.1914392717441595, 1.2157416785903223, 1.2294001397408723, 1.2376973002322533, 1.2431361504606777, 1.2465292936437555, 1.2485610059279049, 1.249753796129575, 1.2504763385862248, 1.251347421437328, 1.2528543070656066, 1.254402369266082, 1.2557640427067482, 1.2569710781539907, 1.2571549020436348, 1.2571503978317908, 1.257146336657275, 1.257142656217838, 1.2571393053698765, 1.2571362417374594], "Secondary Member 2": [1.0000006617322679, 1.001533374558117, 1.003417646219062, 1.0053222070094363, 1.0072950588537972, 1.0094187390444067, 1.011645881640341, 1.0139318100559975, 1.0162280562349988, 1.0184807618457619, 1.0206375025746035, 1.0226551095928849, 1.0245047727491112, 1.026175173537389, 1.0276687951272063, 1.028996951055013, 1.0301755589710575, 1.031222018036805, 1.0321534135072137, 1.0337320204779883, 1.0344053750353817, 1.0350157256574857, 1.0355715197995297, 1.0360797593621718, 1.0365462972173831, 1.0369760636159122, 1.0373732410932637, 1.037741401038056, 1.0380836113832848, 1.0384025223005875]}}, "0.1": {"0.001": {"Bottom Primary Member": [1.0000027803842995, 1.061069563301225, 1.0843907505165127, 1.0917953718966757, 1.0977488110151676, 1.1039781284554593, 1.1073001042049897, 1.1094440387033606, 1.110375916044862, 1.110376226050733, 1.1098018691492018, 1.109008335142221, 1.1093465817124213, 1.108052372373359, 1.1067061519601469, 1.1053730374862685, 1.1041064486953742, 1.1029429374347812, 1.1019016095821983, 1.1002022166443968, 1.099521762157279, 1.098928483334011, 1.0984066360748395, 1.0983081708661275, 1.0980273689535978, 1.0976276752978087, 1.0972672957720238, 1.0969407018268096, 1.0966433551003676, 1.0963714952363854], "Secondary Member 2": [1.000040575253568, 1.0660769816006193, 1.083698563555058, 1.0883932222033963, 1.0899795140530169, 1.090849562812555, 1.0913988577004823, 1.0917780604859237, 1.092056156725995, 1.0922691681544516, 1.0924377412215176, 1.092574569298427, 1.0926878894565755, 1.0927832885320592, 1.0928646950543555, 1.092934957160105, 1.092996194243389, 1.093050018976919, 1.093097682577244, 1.0931782803202057, 1.0932126476935515, 1.093243799406165, 1.0932721666079495, 1.093298106669387, 1.0933219183160423, 1.0933438531821307, 1.093364124740957, 1.0933829152728993, 1.0934003813620259, 1.093416658270249]}, "0.1": {"Bottom Primary Member": [1.0000027860294722, 1.0616018825336646, 1.0870054167352114, 1.09996333176674, 1.1131134779538978, 1.1278845840586134, 1.140186875463017, 1.152834516501332, 1.1623881342843845, 1.1697156015064964, 1.1751620167171604, 1.1823753279818803, 1.186474599963308, 1.1877312204792316, 1.1880661897048188, 1.1877719833020137, 1.1871030547692185, 1.186258998528279, 1.1853823542779343, 1.1838403396872688, 1.1832151811831109, 1.182670114160076, 1.183076280460234, 1.1836796474341398, 1.1833771109272266, 1.1829464316928218, 1.1825581143504484, 1.1822062017586106, 1.1818858037273647, 1.181592868384428], "Secondary Member 2": [1.0000406597297498, 1.066428206690081, 1.0847312684323192, 1.0901662908005227, 1.0925146804121624, 1.0941855747098048, 1.0955483168242621, 1.096734766151302, 1.0977963229897056, 1.0987574614945181, 1.0996293983612304, 1.1004184527425134, 1.1011294933750921, 1.1017673177436167, 1.1023372842577228, 1.1028452497074737, 1.103297395047424, 1.1036999170601651, 1.1040588144648935, 1.1046677309364852, 1.104927505505948, 1.1051629736824389, 1.105377394424289, 1.105573469006161, 1.1057534554177684, 1.1059192557076891, 1.1060724834640754, 1.1062145164985406, 1.1063465383940094, 1.1064695715645967]},