{"0.001": {"0.001": {"Top Primary Member": [1.0, 1.0000018371418917, 1.0000118364391792, 1.000035381711565, 1.0000760717316148, 1.0001359010755269, 1.0002154421956695, 1.0003140275759852, 1.0004299312936773, 1.0005605503102721, 1.0007025857976433, 1.0008522247276364, 1.001005321926614, 1.001157582713417, 1.0013047461318145, 1.0014427687302063, 1.0015680086843302, 1.0016774100853072, 1.0017686871140528, 1.0018797793547933, 1.001829450423957, 1.0017907358601694, 1.0017600312072195, 1.0017350836752952, 1.0017144128647322, 1.0016970058649433, 1.0016821462328733, 1.001669312912947, 1.001658117889687, 1.0016482662688548], "Secondary Members": [1.0, 1.0000018206626848, 1.0000119351627441, 1.0000305462846155, 1.0000698340957723, 1.0001288558982826, 1.0001872015460478, 1.0002823662242726, 1.0003609162214109, 1.0004856304762009, 1.0005754195302967, 1.0006639636499317, 1.000808236347938, 1.0008925596372593, 1.0009699823661484, 1.0011060139793833, 1.0011675427523565, 1.0012198235949885, 1.0012632994594217, 1.0013273428457778, 1.0014100105152532, 1.0014282425669487, 1.0014437398109608, 1.001457074648897, 1.001468670160054, 1.001478845812875, 1.001487847351528, 1.0014958669043523, 1.001503056848239, 1.0015095395845304]}, "0.1": {"Top Primary Member": [1.0, 1.000013728742553, 1.0000927076831374, 1.0002931152610048, 1.0006694949003732, 1.0012750844620681, 1.0021621977492006, 1.003382648877448, 1.0049882172583284, 1.007031468011301, 1.0095655039210485, 1.0126455705685304, 1.0163292297381241, 1.0206772612684474, 1.0257545485919985, 1.0317169355315876, 1.0387890663948274, 1.0468754948753318, 1.0562526292128518, 1.074511627995726, 1.0744576513418478, 1.074416130835836, 1.0743832007817655, 1.0743564451105796, 1.074334276127942, 1.0743156075101918, 1.0742996708856078, 1.0742859074374793, 1.0742739010243985, 1.074263335381244], "Secondary Members": [1.0, 1.000016057013119, 1.000110351387496, 1.0002973406726896, 1.0007223234950762, 1.0014210699216426, 1.002189893633938, 1.0035425241824851, 1.004820939706017, 1.0069964015302553, 1.008857950440438, 1.0109343766667918, 1.0144595775276355, 1.0171223742939137, 1.0199557356017321, 1.0248848155028984, 1.028220119175731, 1.031527700581752, 1.0347729070966962, 1.0420424894777167, 1.0451030292898764, 1.0468138316961886, 1.0482680137418396, 1.0495192866646446, 1.0506073500757152, 1.0515621812324911, 1.0524068395635031, 1.0531593533490593, 1.0538340208813013, 1.0544423276724353]}, "0.2": {"Top Primary Member": [1.0, 1.0000257404594732, 1.0001744085438808, 1.0005535828918048, 1.001269604634245, 1.0024283230666737, 1.0041360456648833, 1.0065009283598316, 1.009633848583394, 1.0136506498483895, 1.018673769555053, 1.0248345839096946, 1.032276953412514, 1.0414881775194695, 1.0526073843519754, 1.0658779653320112, 1.081776277494109, 1.1008880362724935, 1.123926676298835, 1.1590393908214178, 1.1589811671932921, 1.1589363797834094, 1.1589008587378196, 1.1588719978844952, 1.1588480846092077, 1.1588279471125005, 1.1588107565678598, 1.1587959101876488, 1.158782959090273, 1.1587715621247385], "Secondary Members": [1.0, 1.000030437165087, 1.0002097772912264, 1.0005669656849299, 1.0013821673904877, 1.0027292362986224, 1.0042204804184742, 1.006855501908597, 1.009366552135846, 1.0136566096528585, 1.0173702147727273, 1.0215501087419552, 1.0286679375396421, 1.0343710838686835, 1.0404924954430728, 1.0510252447004924, 1.0583596494868641, 1.0658973278334145, 1.0733783334357614, 1.0905120780771946, 1.0959719417133984, 1.0996532917722617, 1.1027824393220556, 1.105474961632573, 1.1078162853805664, 1.1098709164250857, 1.1116884746565918, 1.1133077538082001, 1.1147595213233592, 1.1160684920339339]}, "0.3": {"Top Primary Member": [1.0, 1.0000377535623277, 1.0002561223440174, 1.0008141818904994, 1.0018704102416307, 1.0035841227907492, 1.0061175699793612, 1.009638021470309, 1.0143211863515211, 1.020354685556583, 1.0279425575810066, 1.037312191340581, 1.0493384986138086, 1.0639731177828995, 1.0821714336552013, 1.1045137544109318, 1.132184400114892, 1.1670037894003293, 1.2112103353592398, 1.2575549562901454, 1.2574917841301108, 1.2574431901569312, 1.2574046501114307, 1.2573733363220585, 1.2573473906132007, 1.257325541593579, 1.2573068899935802, 1.2572907817930186, 1.2572767299580874, 1.257264364343498], "Secondary Members": [1.0, 1.0000448189796927, 1.000309218991381, 1.0008367271106198, 1.002042778817765, 1.004040316933717, 1.0062589889437579, 1.0101885299995195, 1.013953099112472, 1.0204024601927104, 1.0260329558520336, 1.0324179473028081, 1.043755871323353, 1.0526342522733607, 1.0626126263895264, 1.0796877729524017, 1.0921055030160964, 1.1052082963623162, 1.1184986243804864, 1.1470229388311635, 1.1552801831525272, 1.1612590021545888, 1.1663409983065647, 1.1707138787162075, 1.1745163834204189, 1.177853275303818, 1.1808051412003384, 1.1834349853627535, 1.1867863640068554, 1.1898642326661337]}}, "0.1": {"0.001": {"Top Primary Member": [1.0, 1.0001718521038991, 1.0011039700193731, 1.0032907819095105, 1.0070607910017775, 1.0125981384653067, 1.019960070855809, 1.029088527583976, 1.0398192027551547, 1.0518829206097708, 1.0649152459200495, 1.0791574874194245, 1.0932618102255205, 1.1065098390441432, 1.118315887914283, 1.1281027438783562, 1.1353469429608183, 1.1396215145933855, 1.1406313179140926, 1.1335625333076045, 1.1279534778941147, 1.1236388198820055, 1.120216849735839, 1.1174364989898384, 1.1151327798016568, 1.1131928057486884, 1.1115367303357135, 1.1101064833901735, 1.108858821161464, 1.1077608783992992], "Secondary Members": [1.0, 1.0001678586738165, 1.0010962912212986, 1.0027966286849772, 1.0063734133208866, 1.0117306073464265, 1.0170266684104887, 1.0256415731680733, 1.0327689798021273, 1.043999967576413, 1.0520743472722098, 1.060231677739535, 1.0730076280155028, 1.0801136745530495, 1.0862266982399158, 1.0966896559940416, 1.1005021363284666, 1.1032202611186661, 1.1050174381027333, 1.1098181181466273, 1.11122751632389, 1.1114994214973735, 1.1117305408951763, 1.1119294110745932, 1.112102341665401, 1.1122540970815449, 1.1123883422577123, 1.112507942505353, 1.1126151703138214, 1.1127118511244367]}, "0.1": {"Top Primary Member": [1.0, 1.0001837479087532, 1.0011850150524517, 1.0035501525665225, 1.007662303010192, 1.0137648994595212, 1.0219811619005232, 1.0323278927067598, 1.0447224114092621, 1.0589890265935813, 1.0754794803967134, 1.093671341887607, 1.1124223435029101, 1.1318435317931683, 1.150909287382717, 1.1688112295782456, 1.1852352993617066, 1.199481769115825, 1.2112253597994769, 1.221682313935045, 1.2156372346258035, 1.2109871736171012, 1.2072991941971074, 1.2043027109175215, 1.2018199104858485, 1.1997291311758764, 1.1979443195685957, 1.196402891363057, 1.1950582412269153, 1.193874949106375], "Secondary Members": [1.0, 1.0001821000588198, 1.001194918948196, 1.0030651216611293, 1.0070348171815344, 1.0130541747938955, 1.0191063100883904, 1.0290842248052399, 1.0375705121011118, 1.051158056448113, 1.0617601409730764, 1.0725494044031645, 1.0896867108854986, 1.1005593904217998, 1.1106069171921553, 1.1274940198116887, 1.1356691071271208, 1.1425701838231606, 1.148270129515158, 1.1626167408139254, 1.1663683441007604, 1.1685593952237667, 1.1704217886787112, 1.1720243132792139, 1.1734178129319333, 1.174640679973883, 1.1757224469729177, 1.1766862030265335, 1.1775502601779109, 1.1783293281012974]}, "0.2": {"Top Primary Member": [1.0, 1.0001957641534363, 1.0012668915986789, 1.0038122738404578, 1.0082705985188618, 1.0149460934825763, 1.0240305504960232, 1.0356196128547204, 1.0497208584330995, 1.0663181262291166, 1.0865368129604314, 1.1087211027874548, 1.133398111421931, 1.1596483666229886, 1.1874033277817435, 1.2157480641978984, 1.2442010317200123, 1.2724274833204912, 1.3000206724853558, 1.3252895981396886, 1.3187318817403895, 1.3136874845092206, 1.3096867556712988, 1.3064361634895219, 1.3037428156820383, 1.3014747333186838, 1.2995385654456717, 1.2978664204666812, 1.296407740804024, 1.2951241026997657],