{"0.001": {"0.001": {"Primary Members": [1.0, 1.0001783926212084, 1.000598448377176, 1.0007430034664966, 1.0007936069370587, 1.0008938071849955, 1.0009452351766759, 1.0010352935764113, 1.0010985909220256, 1.0011647051908958, 1.001303553448248, 1.0013703616413911, 1.0014324391592586, 1.0015493812093823, 1.0016000908267342, 1.0016523460129383, 1.0016838613678298, 1.001707651213396, 1.0017773908965142, 1.0017905367512392, 1.0017940582672977, 1.0017970125590052, 1.0017995264592432, 1.0018016916104966, 1.0018035758772783, 1.001805230588803, 1.0018066952854991, 1.001808000920083, 1.0018091720687508, 1.0018102284926276], "Secondary Member 2": [1.0, 1.000226310488014, 1.0006834234417852, 1.0007502707365932, 1.0007948543168603, 1.000821746374376, 1.0008407933765147, 1.0008562944876735, 1.0008699665281404, 1.00088257784372, 1.0008944959781427, 1.0009059275021515, 1.0009169006492507, 1.0009274365789749, 1.0009375263140097, 1.0009471455774208, 1.0009562707310662, 1.0009648459844511, 1.0009728349523332, 1.00098692013501, 1.000992978981485, 1.0009984538426682, 1.001003425268426, 1.0010079596458883, 1.0010121121806843, 1.001015929157415, 1.0010194496697158, 1.0010227069663882, 1.001025729502738, 1.0010285417755922]}, "0.1": {"Primary Members": [1.0, 1.0003293535242945, 1.0014005963992703, 1.003441714385551, 1.0059484227706685, 1.0122609602571693, 1.0170656032278789, 1.0257189167514458, 1.032454995982238, 1.0407734111511537, 1.0540179772929175, 1.0618914994114246, 1.069596971964536, 1.083101889192999, 1.089365770125273, 1.0944595105450405, 1.0982513021288551, 1.101631377364731, 1.1087768823362376, 1.1101479682930975, 1.1105206165037738, 1.1108332408415822, 1.1110992627937468, 1.1113283799662466, 1.1115277738303426, 1.1117028760556313, 1.1118578708484055, 1.1119960336276926, 1.1121199650475968, 1.112231756246796], "Secondary Member 2": [1.0, 1.000377278619793, 1.001344454726377, 1.0018339531169864, 1.0023812996991521, 1.0030288209329112, 1.0037668877754007, 1.0045784201576475, 1.0054536714254585, 1.0063905507925621, 1.0073666002582389, 1.008372505406531, 1.0093945392465016, 1.0104136817987477, 1.0114182784363042, 1.0123918191397814, 1.013321094058364, 1.014196241037454, 1.0150098578370306, 1.016436141729698, 1.0170481982596757, 1.0176012613889944, 1.018103468138862, 1.018561524844787, 1.0189810083541448, 1.0193665942063361, 1.0197222316428185, 1.020051279364567, 1.0203566119350633, 1.0206407039787515]}, "0.2": {"Primary Members": [1.0, 1.0004818855093782, 1.0022123493127248, 1.006182650727424, 1.0112155184375626, 1.0240191624262274, 1.033947275067827, 1.0519557580887942, 1.068647365160951, 1.0901438523793578, 1.115614098901494, 1.1344605248030335, 1.156528460431575, 1.184435785263725, 1.1991312893000432, 1.2108869312293564, 1.219998101712424, 1.2338693918952115, 1.2435415079054717, 1.246575293424431, 1.2474189223709307, 1.248126664775238, 1.2487289052066763, 1.2492475978324247, 1.2496990006040796, 1.250095410144908, 1.2504462989724858, 1.25075908222624, 1.251039647462385, 1.2512927287570947], "Secondary Member 2": [1.0, 1.0005298179063054, 1.0020134002011032, 1.0029345552189326, 1.0040020466206117, 1.0053103055394703, 1.006827373049324, 1.0085261956076286, 1.0104186501925143, 1.0124616270360323, 1.0146590124129324, 1.0169593314875167, 1.0193302059631373, 1.0217246879858533, 1.0240871982022168, 1.0263706957901952, 1.0285385199326589, 1.0305625363864008, 1.032425793266437, 1.035660302389102, 1.03704388805142, 1.0382941160593606, 1.0394293805722306, 1.0404648416117321, 1.0414131059317955, 1.0422847428324422, 1.0430886797792327, 1.0438325092910705, 1.0445227294685524, 1.0451649343291718]}, "0.3": {"Primary Members": [1.0, 1.000634463951899, 1.003025612159979, 1.0089386316442532, 1.0165441486364977, 1.0360660736215792, 1.0514637273856124, 1.0816998833977878, 1.1077342039682343, 1.1483423762145468, 1.1883678063518732, 1.222606450828674, 1.2690645446243058, 1.3123065607015074, 1.339171511974031, 1.3602437280309605, 1.3848821969139844, 1.4036718334097313, 1.416473455048443, 1.4216038102908188, 1.4230589702583036, 1.4242797420427433, 1.4253185354248163, 1.426213218742232, 1.4269918350346857, 1.4276755945201136, 1.428280836169467, 1.4295595279814617, 1.4312639097935262, 1.4328013317544868], "Secondary Member 2": [1.0, 1.0006824036495792, 1.0026835889996006, 1.0040411570319183, 1.0056414723358529, 1.0076462630346104, 1.0099990496576907, 1.0127044605963604, 1.0157603215787023, 1.0191799078424681, 1.022925156735092, 1.0269499322823414, 1.0311699584047074, 1.035469988273428, 1.0397295514442992, 1.0438242435272598, 1.047672117290765, 1.0512278144931677, 1.054472509743201, 1.0600591130650514, 1.0624425429316917, 1.0645962446185975, 1.0665519047708578, 1.0683356387559333, 1.069969163563226, 1.071470686366018, 1.0728555860385889, 1.074136941810315, 1.0753259476165429, 1.0764322399752408]}}, "0.1": {"0.001": {"Primary Members": [1.0, 1.0180776104783473, 1.0646533769630793, 1.0781037305781784, 1.0814785158966254, 1.0862652178470305, 1.0869562659481333, 1.087920386435265, 1.088070752872368, 1.088328064446057, 1.089152385885099, 1.0893382009885744, 1.089447592913995, 1.0897484766426841, 1.0898484733621165, 1.0900156780187134, 1.0900887177538854, 1.0901354867344912, 1.0903105602819039, 1.0903720800144399, 1.0903990979677116, 1.0904217640364253, 1.0904410513113632, 1.0904576628953069, 1.0904721194629972, 1.0904848148245763, 1.0904960523457123, 1.0905060695023565, 1.0905150548490694, 1.0905231599981082], "Secondary Member 2": [1.0, 1.0229757422363897, 1.0724894292643095, 1.079858414873894, 1.0845000484594989, 1.08696227404411, 1.088400319899161, 1.0893421150861742, 1.0900082085037852, 1.0905053979597552, 1.090891618517375, 1.0912009713057005, 1.0914547849017346, 1.0916671274370626, 1.0918476251021043, 1.092003086246969, 1.092138442084707, 1.0922573452845479, 1.0923625813700333, 1.092540185844392, 1.0926156042964668, 1.0926837535001612, 1.0927456361104944, 1.0928020784911427, 1.092853767829167, 1.0929012802511688, 1.092945102387832, 1.0929856481032747, 1.0930232716049857, 1.0930582778195916]}, "0.1": {"Primary Members": [1.0, 1.0182340186851975, 1.0657095085671218, 1.081199813234611, 1.0874511012594668, 1.0995470279129338, 1.1058780435956204, 1.116973771554403, 1.1257963139287255, 1.1359364030115915, 1.151615817739991, 1.1615144778170445, 1.1707677079767824, 1.1872476438072428, 1.1948549632392595, 1.2009454524367604, 1.2055268199548623, 1.2102570058224442, 1.2182879823032258, 1.2199742611851327, 1.2204464152214656, 1.220842517601583, 1.2211795736631117, 1.221469870502656, 1.221722507211877, 1.2219443658451838, 1.2221407478881712, 1.2223158033747026, 1.2224728273949377, 1.222614469470408], "Secondary Member 2": [1.0, 1.0231329020412012, 1.0732481791855797, 1.081142840003745, 1.0864048775280066, 1.0896247403390562, 1.0919358219330502, 1.093844882136723, 1.0955630850954527, 1.0971861757058157, 1.0987493815812879, 1.1002789143795146, 1.1017712962394204, 1.1032223332374316, 1.1046241647441453, 1.1059620171927083, 1.1072261341056198, 1.1084077695798489, 1.1095000442592038, 1.1114062155507702, 1.1122232976861326, 1.1129616249172118, 1.1136320599890206, 1.1142435557138983, 1.114803557062018, 1.115318305775561, 1.1157930740068007, 1.116232345547893, 1.1166399578786412, 1.1170192145690254]}, "0.2": {"Primary Members": [1.0, 1.0183920554706818, 1.0667783987140236, 1.0843453504784568, 1.0936219079325098, 1.1133103689627628, 1.125751336081439, 1.148740736258177, 1.168823978098054, 1.1963005901261643, 1.226057755413325, 1.2495403082580467, 1.2777681486506718, 1.3107882257019778, 1.3287677956216026, 1.3433338431101198, 1.3560139022981568, 1.3719126903406142, 1.3830735731479105, 1.386784760118376, 1.387838064435049, 1.388721708995998, 1.3894736301438693, 1.3901212385313921, 1.3906848328581554, 1.3911797659468068, 1.3916178646140007, 1.392008386955177, 1.392358683819184, 1.3929965071386994],